{"cameraMode":{"drawMode":0,"name":"Shaded","section":"Shading Mode"},"sceneLighting":true,"audioPlay":false,"sceneViewState":{"m_AlwaysRefresh":false,"showFog":true,"showSkybox":false,"showFlares":true,"showImageEffects":true,"showParticleSystems":true,"showVisualEffectGraphs":true,"m_FxEnabled":true},"in2DMode":false,"pivot":{"x":3.5936837196350099,"y":1.7467257976531983,"z":-0.7972219586372376},"rotation":{"x":-0.048782046884298328,"y":-0.8427334427833557,"z":0.07763029634952545,"w":-0.5305866003036499},"size":4.162414073944092,"orthographic":false}