{"cameraMode":{"drawMode":0,"name":"Shaded","section":"Shading Mode"},"sceneLighting":true,"audioPlay":false,"sceneViewState":{"m_AlwaysRefresh":false,"showFog":true,"showSkybox":false,"showFlares":true,"showImageEffects":true,"showParticleSystems":true,"showVisualEffectGraphs":true,"m_FxEnabled":true},"in2DMode":false,"pivot":{"x":-4.446285247802734,"y":1.7401492595672608,"z":0.1305096447467804},"rotation":{"x":-0.10450024157762528,"y":-0.8827590346336365,"z":0.2347065508365631,"w":-0.39358752965927126},"size":0.006001104600727558,"orthographic":false}