{"cameraMode":{"drawMode":0,"name":"Shaded","section":"Shading Mode"},"sceneLighting":true,"audioPlay":false,"sceneViewState":{"m_AlwaysRefresh":false,"showFog":true,"showSkybox":false,"showFlares":true,"showImageEffects":true,"showParticleSystems":true,"showVisualEffectGraphs":true,"m_FxEnabled":true},"in2DMode":false,"pivot":{"x":-4.323387622833252,"y":1.2840616703033448,"z":-2.39316463470459},"rotation":{"x":-0.0038528048899024727,"y":-0.9937747120857239,"z":0.037606481462717059,"w":-0.10561781376600266},"size":2.5949361324310304,"orthographic":false}