{"cameraMode":{"drawMode":0,"name":"Shaded","section":"Shading Mode"},"sceneLighting":true,"audioPlay":false,"sceneViewState":{"m_AlwaysRefresh":false,"showFog":true,"showSkybox":false,"showFlares":true,"showImageEffects":true,"showParticleSystems":true,"showVisualEffectGraphs":true,"m_FxEnabled":true},"in2DMode":false,"pivot":{"x":-19.098318099975587,"y":4.618228435516357,"z":6.94521427154541},"rotation":{"x":-0.004189531318843365,"y":0.8521159887313843,"z":0.006935854442417622,"w":0.5233635306358337},"size":0.04001076519489288,"orthographic":false}