{"cameraMode":{"drawMode":0,"name":"Shaded","section":"Shading Mode"},"sceneLighting":true,"audioPlay":false,"sceneViewState":{"m_AlwaysRefresh":false,"showFog":true,"showSkybox":false,"showFlares":true,"showImageEffects":true,"showParticleSystems":true,"showVisualEffectGraphs":true,"m_FxEnabled":true},"in2DMode":false,"pivot":{"x":4.928819179534912,"y":1.2009153366088868,"z":0.8990954756736755},"rotation":{"x":0.06079939007759094,"y":0.7957587242126465,"z":-0.0809360146522522,"w":0.5971689820289612},"size":20.246994018554689,"orthographic":false}