{"cameraMode":{"drawMode":0,"name":"Shaded","section":"Shading Mode"},"sceneLighting":true,"audioPlay":false,"sceneViewState":{"m_AlwaysRefresh":false,"showFog":true,"showSkybox":false,"showFlares":true,"showImageEffects":true,"showParticleSystems":true,"showVisualEffectGraphs":true,"m_FxEnabled":true},"in2DMode":false,"pivot":{"x":3.6304216384887697,"y":2.847350597381592,"z":-1.4185945987701417},"rotation":{"x":0.0033564609475433828,"y":-0.8886832594871521,"z":-0.006361308041960001,"w":-0.4585919976234436},"size":2.7780208587646486,"orthographic":false}