{"cameraMode":{"drawMode":0,"name":"Shaded","section":"Shading Mode"},"sceneLighting":true,"audioPlay":false,"sceneViewState":{"m_AlwaysRefresh":false,"showFog":true,"showSkybox":false,"showFlares":true,"showImageEffects":true,"showParticleSystems":true,"showVisualEffectGraphs":true,"m_FxEnabled":true},"in2DMode":false,"pivot":{"x":2.4145658016204836,"y":2.7744791507720949,"z":-2.7528092861175539},"rotation":{"x":0.040790654718875888,"y":0.8409681916236877,"z":-0.06392155587673187,"w":0.5358185768127441},"size":13.197136878967286,"orthographic":false}