{"cameraMode":{"drawMode":0,"name":"Shaded","section":"Shading Mode"},"sceneLighting":true,"audioPlay":false,"sceneViewState":{"m_AlwaysRefresh":false,"showFog":true,"showSkybox":false,"showFlares":true,"showImageEffects":true,"showParticleSystems":true,"showVisualEffectGraphs":true,"m_FxEnabled":true},"in2DMode":false,"pivot":{"x":-11.661643028259278,"y":2.17052960395813,"z":-0.7675853371620178},"rotation":{"x":-0.00390686746686697,"y":-0.9555195569992065,"z":0.013246598653495312,"w":-0.29491883516311648},"size":0.006465310696512461,"orthographic":false}