{"cameraMode":{"drawMode":0,"name":"Shaded","section":"Shading Mode"},"sceneLighting":true,"audioPlay":false,"sceneViewState":{"m_AlwaysRefresh":false,"showFog":true,"showSkybox":false,"showFlares":true,"showImageEffects":true,"showParticleSystems":true,"showVisualEffectGraphs":true,"m_FxEnabled":true},"in2DMode":false,"pivot":{"x":-11.656009674072266,"y":2.1702969074249269,"z":-0.7569454312324524},"rotation":{"x":-0.015981027856469156,"y":-0.7080637812614441,"z":0.016275206580758096,"w":-0.7059097290039063},"size":0.006465310696512461,"orthographic":false}