{"cameraMode":{"drawMode":0,"name":"Shaded","section":"Shading Mode"},"sceneLighting":false,"audioPlay":false,"sceneViewState":{"m_AlwaysRefresh":false,"showFog":true,"showSkybox":false,"showFlares":true,"showImageEffects":true,"showParticleSystems":true,"showVisualEffectGraphs":true,"m_FxEnabled":true},"in2DMode":false,"pivot":{"x":2.7045645713806154,"y":1.6124732494354249,"z":0.20443260669708253},"rotation":{"x":0.0033564609475433828,"y":-0.8886832594871521,"z":-0.006361308041960001,"w":-0.4585919976234436},"size":0.8660253882408142,"orthographic":false}